,SOL
landsatPlusNightLightsGoa@Goa@North Goa@830.tif,6.175537109375
landsatPlusNightLightsGoa@Goa@North Goa@610.tif,1.98583984375
landsatPlusNightLightsGoa@Goa@South Goa@31.tif,0.0
landsatPlusNightLightsGoa@Goa@North Goa@757.tif,13.173583984375
landsatPlusNightLightsGoa@Goa@North Goa@743.tif,5.36669921875
landsatPlusNightLightsGoa@Goa@North Goa@514.tif,5.266357421875
landsatPlusNightLightsGoa@Goa@South Goa@183.tif,9.4423828125
landsatPlusNightLightsGoa@Goa@North Goa@615.tif,50.103759765625
landsatPlusNightLightsGoa@Goa@South Goa@131.tif,3.7041015625
landsatPlusNightLightsGoa@Goa@North Goa@363.tif,7.137451171875
landsatPlusNightLightsGoa@Goa@South Goa@301.tif,29.37109375
landsatPlusNightLightsGoa@Goa@South Goa@366.tif,7.835205078125
landsatPlusNightLightsGoa@Goa@South Goa@143.tif,7.825927734375
landsatPlusNightLightsGoa@Goa@North Goa@663.tif,8.471923828125
landsatPlusNightLightsGoa@Goa@South Goa@41.tif,0.0
landsatPlusNightLightsGoa@Goa@South Goa@1.tif,5.8798828125
landsatPlusNightLightsGoa@Goa@North Goa@826.tif,7.92822265625
landsatPlusNightLightsGoa@Goa@South Goa@202.tif,15.747802734375
landsatPlusNightLightsGoa@Goa@South Goa@287.tif,10.5498046875
landsatPlusNightLightsGoa@Goa@North Goa@573.tif,34.931396484375
landsatPlusNightLightsGoa@Goa@North Goa@719.tif,6.2265625
landsatPlusNightLightsGoa@Goa@North Goa@683.tif,27.54931640625
landsatPlusNightLightsGoa@Goa@South Goa@268.tif,16.469970703125
landsatPlusNightLightsGoa@Goa@North Goa@664.tif,6.146240234375
landsatPlusNightLightsGoa@Goa@North Goa@550.tif,30.077392578125
landsatPlusNightLightsGoa@Goa@North Goa@594.tif,19.608154296875
landsatPlusNightLightsGoa@Goa@South Goa@476.tif,4.030517578125
landsatPlusNightLightsGoa@Goa@South Goa@67.tif,1.839111328125
landsatPlusNightLightsGoa@Goa@North Goa@795.tif,17.117919921875
landsatPlusNightLightsGoa@Goa@North Goa@624.tif,22.37890625
landsatPlusNightLightsGoa@Goa@North Goa@684.tif,26.98388671875
landsatPlusNightLightsGoa@Goa@South Goa@349.tif,0.84765625
landsatPlusNightLightsGoa@Goa@South Goa@222.tif,15.479736328125
landsatPlusNightLightsGoa@Goa@South Goa@425.tif,59.161376953125
landsatPlusNightLightsGoa@Goa@North Goa@672.tif,47.637939453125
landsatPlusNightLightsGoa@Goa@North Goa@794.tif,8.0205078125
landsatPlusNightLightsGoa@Goa@South Goa@227.tif,8.769287109375
landsatPlusNightLightsGoa@Goa@North Goa@770.tif,20.75146484375
landsatPlusNightLightsGoa@Goa@North Goa@361.tif,9.61083984375
landsatPlusNightLightsGoa@Goa@South Goa@397.tif,0.0
landsatPlusNightLightsGoa@Goa@South Goa@479.tif,26.602783203125
landsatPlusNightLightsGoa@Goa@South Goa@65.tif,3.98828125
landsatPlusNightLightsGoa@Goa@South Goa@351.tif,0.0
landsatPlusNightLightsGoa@Goa@South Goa@289.tif,6.18310546875
landsatPlusNightLightsGoa@Goa@South Goa@475.tif,4.343017578125
landsatPlusNightLightsGoa@Goa@South Goa@262.tif,15.55224609375
landsatPlusNightLightsGoa@Goa@South Goa@88.tif,0.0
landsatPlusNightLightsGoa@Goa@North Goa@583.tif,5.606201171875
landsatPlusNightLightsGoa@Goa@South Goa@135.tif,5.344970703125
landsatPlusNightLightsGoa@Goa@South Goa@243.tif,18.93408203125
landsatPlusNightLightsGoa@Goa@North Goa@477.tif,22.150146484375
landsatPlusNightLightsGoa@Goa@North Goa@443.tif,40.693359375
landsatPlusNightLightsGoa@Goa@North Goa@480.tif,34.093994140625
landsatPlusNightLightsGoa@Goa@North Goa@662.tif,9.300537109375
landsatPlusNightLightsGoa@Goa@South Goa@165.tif,6.350830078125
landsatPlusNightLightsGoa@Goa@South Goa@342.tif,8.1572265625
landsatPlusNightLightsGoa@Goa@South Goa@30.tif,0.0
landsatPlusNightLightsGoa@Goa@South Goa@438.tif,4.292724609375
landsatPlusNightLightsGoa@Goa@South Goa@178.tif,0.0
landsatPlusNightLightsGoa@Goa@South Goa@157.tif,8.04638671875
landsatPlusNightLightsGoa@Goa@North Goa@619.tif,21.996826171875
landsatPlusNightLightsGoa@Goa@South Goa@282.tif,18.023193359375
landsatPlusNightLightsGoa@Goa@North Goa@820.tif,8.39697265625
landsatPlusNightLightsGoa@Goa@North Goa@689.tif,6.53662109375
landsatPlusNightLightsGoa@Goa@North Goa@735.tif,19.881591796875
landsatPlusNightLightsGoa@Goa@South Goa@288.tif,7.66552734375
landsatPlusNightLightsGoa@Goa@South Goa@542.tif,0.0
landsatPlusNightLightsGoa@Goa@South Goa@328.tif,2.9609375
landsatPlusNightLightsGoa@Goa@North Goa@650.tif,16.0078125
landsatPlusNightLightsGoa@Goa@South Goa@48.tif,6.3505859375
landsatPlusNightLightsGoa@Goa@South Goa@14.tif,5.299072265625
landsatPlusNightLightsGoa@Goa@North Goa@449.tif,9.1064453125
landsatPlusNightLightsGoa@Goa@South Goa@292.tif,54.95751953125
landsatPlusNightLightsGoa@Goa@South Goa@472.tif,5.54931640625
landsatPlusNightLightsGoa@Goa@North Goa@617.tif,57.7109375
landsatPlusNightLightsGoa@Goa@South Goa@168.tif,5.9970703125
landsatPlusNightLightsGoa@Goa@South Goa@374.tif,0.0
landsatPlusNightLightsGoa@Goa@North Goa@339.tif,10.11279296875
landsatPlusNightLightsGoa@Goa@South Goa@22.tif,7.5791015625
landsatPlusNightLightsGoa@Goa@South Goa@232.tif,6.59228515625
landsatPlusNightLightsGoa@Goa@North Goa@559.tif,7.524169921875
landsatPlusNightLightsGoa@Goa@South Goa@474.tif,1.53857421875
landsatPlusNightLightsGoa@Goa@North Goa@590.tif,63.327392578125
landsatPlusNightLightsGoa@Goa@North Goa@588.tif,51.435302734375
landsatPlusNightLightsGoa@Goa@South Goa@395.tif,5.530029296875
landsatPlusNightLightsGoa@Goa@South Goa@335.tif,30.213134765625
landsatPlusNightLightsGoa@Goa@South Goa@326.tif,5.48779296875
landsatPlusNightLightsGoa@Goa@South Goa@331.tif,45.272216796875
landsatPlusNightLightsGoa@Goa@South Goa@80.tif,1.8046875
landsatPlusNightLightsGoa@Goa@South Goa@490.tif,5.479736328125
landsatPlusNightLightsGoa@Goa@North Goa@463.tif,35.0693359375
landsatPlusNightLightsGoa@Goa@North Goa@790.tif,11.067138671875
landsatPlusNightLightsGoa@Goa@South Goa@439.tif,6.28662109375
landsatPlusNightLightsGoa@Goa@South Goa@270.tif,8.7119140625
landsatPlusNightLightsGoa@Goa@North Goa@713.tif,12.88818359375
landsatPlusNightLightsGoa@Goa@North Goa@644.tif,45.72509765625
landsatPlusNightLightsGoa@Goa@South Goa@419.tif,2.550537109375
landsatPlusNightLightsGoa@Goa@South Goa@84.tif,0.0
landsatPlusNightLightsGoa@Goa@North Goa@717.tif,5.4541015625
landsatPlusNightLightsGoa@Goa@South Goa@190.tif,0.703125
landsatPlusNightLightsGoa@Goa@North Goa@785.tif,12.4599609375
landsatPlusNightLightsGoa@Goa@South Goa@115.tif,0.0
landsatPlusNightLightsGoa@Goa@North Goa@633.tif,10.7001953125
landsatPlusNightLightsGoa@Goa@North Goa@792.tif,9.06201171875
landsatPlusNightLightsGoa@Goa@North Goa@815.tif,11.927978515625
landsatPlusNightLightsGoa@Goa@South Goa@365.tif,7.66748046875
landsatPlusNightLightsGoa@Goa@North Goa@749.tif,20.8369140625
landsatPlusNightLightsGoa@Goa@South Goa@153.tif,5.9541015625
landsatPlusNightLightsGoa@Goa@North Goa@428.tif,21.366943359375
landsatPlusNightLightsGoa@Goa@North Goa@320.tif,17.5205078125
landsatPlusNightLightsGoa@Goa@North Goa@698.tif,38.851318359375
landsatPlusNightLightsGoa@Goa@South Goa@128.tif,5.560791015625
landsatPlusNightLightsGoa@Goa@North Goa@618.tif,41.21044921875
landsatPlusNightLightsGoa@Goa@South Goa@100.tif,0.0
landsatPlusNightLightsGoa@Goa@South Goa@359.tif,23.857177734375
landsatPlusNightLightsGoa@Goa@North Goa@386.tif,7.133544921875
landsatPlusNightLightsGoa@Goa@South Goa@56.tif,0.0
landsatPlusNightLightsGoa@Goa@North Goa@643.tif,46.696044921875
landsatPlusNightLightsGoa@Goa@South Goa@210.tif,1.28125
landsatPlusNightLightsGoa@Goa@South Goa@382.tif,20.2373046875
landsatPlusNightLightsGoa@Goa@North Goa@738.tif,7.517822265625
landsatPlusNightLightsGoa@Goa@North Goa@721.tif,4.498291015625
landsatPlusNightLightsGoa@Goa@South Goa@110.tif,5.197021484375
landsatPlusNightLightsGoa@Goa@South Goa@495.tif,1.150390625
landsatPlusNightLightsGoa@Goa@South Goa@16.tif,0.0
landsatPlusNightLightsGoa@Goa@North Goa@651.tif,16.6728515625
landsatPlusNightLightsGoa@Goa@North Goa@551.tif,29.787109375
landsatPlusNightLightsGoa@Goa@South Goa@252.tif,8.184814453125
landsatPlusNightLightsGoa@Goa@North Goa@734.tif,20.76904296875
landsatPlusNightLightsGoa@Goa@North Goa@778.tif,9.6728515625
landsatPlusNightLightsGoa@Goa@North Goa@758.tif,10.763671875
landsatPlusNightLightsGoa@Goa@South Goa@142.tif,0.0
landsatPlusNightLightsGoa@Goa@North Goa@515.tif,4.5791015625
landsatPlusNightLightsGoa@Goa@South Goa@124.tif,0.0
landsatPlusNightLightsGoa@Goa@North Goa@612.tif,0.0
landsatPlusNightLightsGoa@Goa@South Goa@7.tif,7.06689453125
landsatPlusNightLightsGoa@Goa@South Goa@231.tif,5.6357421875
landsatPlusNightLightsGoa@Goa@South Goa@163.tif,10.203369140625
landsatPlusNightLightsGoa@Goa@South Goa@457.tif,5.12939453125
landsatPlusNightLightsGoa@Goa@North Goa@526.tif,25.754150390625
landsatPlusNightLightsGoa@Goa@South Goa@58.tif,9.22265625
landsatPlusNightLightsGoa@Goa@South Goa@281.tif,16.422119140625
landsatPlusNightLightsGoa@Goa@South Goa@173.tif,6.0361328125
landsatPlusNightLightsGoa@Goa@South Goa@413.tif,6.69873046875
landsatPlusNightLightsGoa@Goa@South Goa@155.tif,6.83740234375
landsatPlusNightLightsGoa@Goa@South Goa@152.tif,6.66064453125
landsatPlusNightLightsGoa@Goa@North Goa@811.tif,9.3193359375
landsatPlusNightLightsGoa@Goa@North Goa@796.tif,13.4384765625
landsatPlusNightLightsGoa@Goa@South Goa@147.tif,5.462158203125
landsatPlusNightLightsGoa@Goa@North Goa@616.tif,52.73291015625
landsatPlusNightLightsGoa@Goa@South Goa@156.tif,8.47314453125
landsatPlusNightLightsGoa@Goa@North Goa@595.tif,23.473876953125
landsatPlusNightLightsGoa@Goa@South Goa@254.tif,0.567626953125
landsatPlusNightLightsGoa@Goa@North Goa@540.tif,0.95947265625
landsatPlusNightLightsGoa@Goa@South Goa@182.tif,14.16357421875
landsatPlusNightLightsGoa@Goa@South Goa@224.tif,14.217529296875
landsatPlusNightLightsGoa@Goa@South Goa@136.tif,5.620361328125
landsatPlusNightLightsGoa@Goa@South Goa@25.tif,3.28369140625
landsatPlusNightLightsGoa@Goa@North Goa@671.tif,44.950927734375
landsatPlusNightLightsGoa@Goa@South Goa@317.tif,19.322265625
landsatPlusNightLightsGoa@Goa@North Goa@598.tif,34.554931640625
landsatPlusNightLightsGoa@Goa@North Goa@593.tif,19.516357421875
landsatPlusNightLightsGoa@Goa@North Goa@654.tif,24.817626953125
landsatPlusNightLightsGoa@Goa@North Goa@603.tif,8.69921875
landsatPlusNightLightsGoa@Goa@South Goa@28.tif,0.0
landsatPlusNightLightsGoa@Goa@North Goa@788.tif,19.5224609375
landsatPlusNightLightsGoa@Goa@North Goa@727.tif,50.5048828125
landsatPlusNightLightsGoa@Goa@South Goa@378.tif,28.375
landsatPlusNightLightsGoa@Goa@South Goa@104.tif,0.079345703125
landsatPlusNightLightsGoa@Goa@North Goa@821.tif,7.671630859375
landsatPlusNightLightsGoa@Goa@North Goa@660.tif,8.687744140625
landsatPlusNightLightsGoa@Goa@North Goa@596.tif,28.396484375
landsatPlusNightLightsGoa@Goa@South Goa@141.tif,0.263671875
landsatPlusNightLightsGoa@Goa@South Goa@368.tif,5.562744140625
landsatPlusNightLightsGoa@Goa@South Goa@21.tif,10.564208984375
landsatPlusNightLightsGoa@Goa@North Goa@648.tif,19.06298828125
landsatPlusNightLightsGoa@Goa@South Goa@336.tif,23.56201171875
landsatPlusNightLightsGoa@Goa@South Goa@303.tif,20.151123046875
landsatPlusNightLightsGoa@Goa@North Goa@560.tif,7.087890625
landsatPlusNightLightsGoa@Goa@North Goa@708.tif,29.88427734375
landsatPlusNightLightsGoa@Goa@North Goa@614.tif,61.205810546875
landsatPlusNightLightsGoa@Goa@North Goa@726.tif,35.833251953125
landsatPlusNightLightsGoa@Goa@South Goa@259.tif,23.361572265625
landsatPlusNightLightsGoa@Goa@South Goa@228.tif,7.890869140625
landsatPlusNightLightsGoa@Goa@South Goa@54.tif,0.0
landsatPlusNightLightsGoa@Goa@South Goa@29.tif,0.0
landsatPlusNightLightsGoa@Goa@North Goa@746.tif,0.75634765625
landsatPlusNightLightsGoa@Goa@North Goa@555.tif,18.5078125
landsatPlusNightLightsGoa@Goa@North Goa@535.tif,6.4833984375
landsatPlusNightLightsGoa@Goa@North Goa@780.tif,0.0
landsatPlusNightLightsGoa@Goa@South Goa@95.tif,1.5048828125
landsatPlusNightLightsGoa@Goa@North Goa@797.tif,10.9140625
landsatPlusNightLightsGoa@Goa@South Goa@23.tif,6.10693359375
landsatPlusNightLightsGoa@Goa@North Goa@410.tif,7.534912109375
landsatPlusNightLightsGoa@Goa@North Goa@523.tif,19.413818359375
landsatPlusNightLightsGoa@Goa@North Goa@720.tif,5.017333984375
landsatPlusNightLightsGoa@Goa@North Goa@642.tif,58.60986328125
landsatPlusNightLightsGoa@Goa@South Goa@358.tif,26.614990234375
landsatPlusNightLightsGoa@Goa@South Goa@248.tif,13.4345703125
landsatPlusNightLightsGoa@Goa@North Goa@538.tif,4.875244140625
landsatPlusNightLightsGoa@Goa@South Goa@170.tif,6.5224609375
landsatPlusNightLightsGoa@Goa@North Goa@760.tif,5.79345703125
landsatPlusNightLightsGoa@Goa@South Goa@246.tif,12.392822265625
landsatPlusNightLightsGoa@Goa@North Goa@804.tif,10.174560546875
landsatPlusNightLightsGoa@Goa@North Goa@460.tif,34.486083984375
landsatPlusNightLightsGoa@Goa@South Goa@393.tif,6.965576171875
landsatPlusNightLightsGoa@Goa@North Goa@730.tif,26.4990234375
landsatPlusNightLightsGoa@Goa@North Goa@570.tif,27.342529296875
landsatPlusNightLightsGoa@Goa@North Goa@639.tif,2.8681640625
landsatPlusNightLightsGoa@Goa@North Goa@729.tif,34.47265625
landsatPlusNightLightsGoa@Goa@North Goa@464.tif,20.931396484375
landsatPlusNightLightsGoa@Goa@South Goa@125.tif,5.66162109375
landsatPlusNightLightsGoa@Goa@North Goa@696.tif,0.0
landsatPlusNightLightsGoa@Goa@South Goa@284.tif,31.640380859375
landsatPlusNightLightsGoa@Goa@South Goa@6.tif,4.14794921875
landsatPlusNightLightsGoa@Goa@North Goa@520.tif,58.02197265625
landsatPlusNightLightsGoa@Goa@North Goa@711.tif,14.2353515625
landsatPlusNightLightsGoa@Goa@South Goa@10.tif,4.31103515625
landsatPlusNightLightsGoa@Goa@South Goa@50.tif,5.570556640625
landsatPlusNightLightsGoa@Goa@North Goa@567.tif,60.47314453125
landsatPlusNightLightsGoa@Goa@South Goa@470.tif,5.39794921875
landsatPlusNightLightsGoa@Goa@North Goa@828.tif,7.1171875
landsatPlusNightLightsGoa@Goa@South Goa@338.tif,12.36279296875
landsatPlusNightLightsGoa@Goa@South Goa@44.tif,0.0
landsatPlusNightLightsGoa@Goa@South Goa@489.tif,5.479736328125
landsatPlusNightLightsGoa@Goa@North Goa@553.tif,17.6640625
landsatPlusNightLightsGoa@Goa@South Goa@376.tif,34.54443359375
landsatPlusNightLightsGoa@Goa@South Goa@241.tif,12.256103515625
landsatPlusNightLightsGoa@Goa@South Goa@55.tif,0.0
landsatPlusNightLightsGoa@Goa@South Goa@154.tif,6.0849609375
landsatPlusNightLightsGoa@Goa@South Goa@160.tif,0.0
landsatPlusNightLightsGoa@Goa@North Goa@773.tif,19.056640625
landsatPlusNightLightsGoa@Goa@South Goa@323.tif,11.19140625
landsatPlusNightLightsGoa@Goa@South Goa@57.tif,0.0
landsatPlusNightLightsGoa@Goa@South Goa@4.tif,5.09326171875
landsatPlusNightLightsGoa@Goa@North Goa@497.tif,36.909912109375
landsatPlusNightLightsGoa@Goa@South Goa@516.tif,0.439453125
landsatPlusNightLightsGoa@Goa@South Goa@213.tif,5.494384765625
landsatPlusNightLightsGoa@Goa@North Goa@806.tif,7.8134765625
landsatPlusNightLightsGoa@Goa@North Goa@427.tif,27.225341796875
landsatPlusNightLightsGoa@Goa@North Goa@752.tif,31.1767578125
landsatPlusNightLightsGoa@Goa@South Goa@77.tif,5.213623046875
landsatPlusNightLightsGoa@Goa@North Goa@694.tif,3.810791015625
landsatPlusNightLightsGoa@Goa@North Goa@801.tif,13.6220703125
landsatPlusNightLightsGoa@Goa@South Goa@145.tif,6.8974609375
landsatPlusNightLightsGoa@Goa@South Goa@112.tif,4.575439453125
landsatPlusNightLightsGoa@Goa@North Goa@608.tif,5.14013671875
landsatPlusNightLightsGoa@Goa@North Goa@718.tif,6.297119140625
landsatPlusNightLightsGoa@Goa@North Goa@740.tif,5.39404296875
landsatPlusNightLightsGoa@Goa@South Goa@245.tif,16.8203125
landsatPlusNightLightsGoa@Goa@North Goa@482.tif,26.2578125
landsatPlusNightLightsGoa@Goa@North Goa@529.tif,14.90869140625
landsatPlusNightLightsGoa@Goa@South Goa@217.tif,24.3564453125
landsatPlusNightLightsGoa@Goa@South Goa@184.tif,6.45068359375
landsatPlusNightLightsGoa@Goa@North Goa@383.tif,12.463134765625
landsatPlusNightLightsGoa@Goa@North Goa@728.tif,48.795166015625
landsatPlusNightLightsGoa@Goa@North Goa@462.tif,49.421142578125
landsatPlusNightLightsGoa@Goa@South Goa@86.tif,0.0
landsatPlusNightLightsGoa@Goa@South Goa@78.tif,3.9619140625
landsatPlusNightLightsGoa@Goa@South Goa@405.tif,21.337646484375
landsatPlusNightLightsGoa@Goa@South Goa@324.tif,9.687255859375
landsatPlusNightLightsGoa@Goa@North Goa@499.tif,19.162841796875
landsatPlusNightLightsGoa@Goa@South Goa@494.tif,0.166015625
landsatPlusNightLightsGoa@Goa@South Goa@92.tif,5.285400390625
landsatPlusNightLightsGoa@Goa@South Goa@33.tif,14.3662109375
landsatPlusNightLightsGoa@Goa@North Goa@706.tif,18.895751953125
landsatPlusNightLightsGoa@Goa@South Goa@63.tif,5.193115234375
landsatPlusNightLightsGoa@Goa@North Goa@586.tif,0.0
landsatPlusNightLightsGoa@Goa@South Goa@271.tif,7.1826171875
landsatPlusNightLightsGoa@Goa@North Goa@545.tif,52.191650390625
landsatPlusNightLightsGoa@Goa@South Goa@70.tif,0.0
landsatPlusNightLightsGoa@Goa@South Goa@471.tif,5.491455078125
landsatPlusNightLightsGoa@Goa@North Goa@659.tif,12.7109375
landsatPlusNightLightsGoa@Goa@South Goa@400.tif,43.83740234375
landsatPlusNightLightsGoa@Goa@North Goa@638.tif,4.977783203125
landsatPlusNightLightsGoa@Goa@South Goa@207.tif,7.136962890625
landsatPlusNightLightsGoa@Goa@South Goa@52.tif,0.0
landsatPlusNightLightsGoa@Goa@North Goa@784.tif,13.1513671875
landsatPlusNightLightsGoa@Goa@North Goa@534.tif,7.42333984375
landsatPlusNightLightsGoa@Goa@North Goa@444.tif,46.80029296875
landsatPlusNightLightsGoa@Goa@South Goa@250.tif,7.921630859375
landsatPlusNightLightsGoa@Goa@North Goa@817.tif,9.14111328125
landsatPlusNightLightsGoa@Goa@South Goa@114.tif,0.0
landsatPlusNightLightsGoa@Goa@South Goa@421.tif,0.0
landsatPlusNightLightsGoa@Goa@South Goa@196.tif,0.0
landsatPlusNightLightsGoa@Goa@South Goa@355.tif,33.208740234375
landsatPlusNightLightsGoa@Goa@South Goa@333.tif,53.180419921875
landsatPlusNightLightsGoa@Goa@North Goa@546.tif,34.947509765625
landsatPlusNightLightsGoa@Goa@North Goa@525.tif,16.962890625
landsatPlusNightLightsGoa@Goa@South Goa@541.tif,0.0
landsatPlusNightLightsGoa@Goa@South Goa@180.tif,19.024169921875
landsatPlusNightLightsGoa@Goa@North Goa@640.tif,0.1025390625
landsatPlusNightLightsGoa@Goa@North Goa@566.tif,0.0
landsatPlusNightLightsGoa@Goa@South Goa@103.tif,1.145751953125
landsatPlusNightLightsGoa@Goa@South Goa@258.tif,27.577880859375
landsatPlusNightLightsGoa@Goa@South Goa@34.tif,9.0712890625
landsatPlusNightLightsGoa@Goa@South Goa@150.tif,5.393798828125
landsatPlusNightLightsGoa@Goa@South Goa@348.tif,2.2314453125
landsatPlusNightLightsGoa@Goa@North Goa@744.tif,4.697265625
landsatPlusNightLightsGoa@Goa@North Goa@812.tif,9.623779296875
landsatPlusNightLightsGoa@Goa@South Goa@149.tif,4.59521484375
landsatPlusNightLightsGoa@Goa@South Goa@71.tif,0.0
landsatPlusNightLightsGoa@Goa@North Goa@565.tif,0.0
landsatPlusNightLightsGoa@Goa@North Goa@653.tif,19.271484375
landsatPlusNightLightsGoa@Goa@South Goa@451.tif,6.0791015625
landsatPlusNightLightsGoa@Goa@North Goa@430.tif,7.99365234375
landsatPlusNightLightsGoa@Goa@South Goa@105.tif,0.0
landsatPlusNightLightsGoa@Goa@North Goa@563.tif,1.9443359375
landsatPlusNightLightsGoa@Goa@North Goa@722.tif,4.55810546875
landsatPlusNightLightsGoa@Goa@South Goa@329.tif,0.0
landsatPlusNightLightsGoa@Goa@South Goa@456.tif,5.28857421875
landsatPlusNightLightsGoa@Goa@North Goa@799.tif,11.34375
landsatPlusNightLightsGoa@Goa@North Goa@827.tif,7.901611328125
landsatPlusNightLightsGoa@Goa@South Goa@192.tif,6.8056640625
landsatPlusNightLightsGoa@Goa@South Goa@117.tif,1.27001953125
landsatPlusNightLightsGoa@Goa@North Goa@791.tif,9.094970703125
landsatPlusNightLightsGoa@Goa@North Goa@739.tif,5.68115234375
landsatPlusNightLightsGoa@Goa@South Goa@275.tif,46.097412109375
landsatPlusNightLightsGoa@Goa@North Goa@591.tif,52.88037109375
landsatPlusNightLightsGoa@Goa@North Goa@748.tif,23.36328125
landsatPlusNightLightsGoa@Goa@South Goa@434.tif,6.623779296875
landsatPlusNightLightsGoa@Goa@South Goa@517.tif,0.0
landsatPlusNightLightsGoa@Goa@South Goa@120.tif,3.321044921875
landsatPlusNightLightsGoa@Goa@North Goa@807.tif,7.458740234375
landsatPlusNightLightsGoa@Goa@North Goa@637.tif,5.276611328125
landsatPlusNightLightsGoa@Goa@North Goa@793.tif,8.87744140625
landsatPlusNightLightsGoa@Goa@South Goa@17.tif,0.0
landsatPlusNightLightsGoa@Goa@South Goa@35.tif,6.691650390625
landsatPlusNightLightsGoa@Goa@North Goa@686.tif,11.115478515625
landsatPlusNightLightsGoa@Goa@North Goa@485.tif,23.530517578125
landsatPlusNightLightsGoa@Goa@South Goa@60.tif,8.8623046875
landsatPlusNightLightsGoa@Goa@South Goa@437.tif,0.850830078125
landsatPlusNightLightsGoa@Goa@South Goa@122.tif,6.235595703125
landsatPlusNightLightsGoa@Goa@North Goa@699.tif,46.627685546875
landsatPlusNightLightsGoa@Goa@South Goa@242.tif,13.285400390625
landsatPlusNightLightsGoa@Goa@South Goa@454.tif,1.85546875
landsatPlusNightLightsGoa@Goa@South Goa@90.tif,7.42626953125
landsatPlusNightLightsGoa@Goa@South Goa@108.tif,5.473388671875
landsatPlusNightLightsGoa@Goa@South Goa@312.tif,63.136474609375
landsatPlusNightLightsGoa@Goa@South Goa@38.tif,5.485595703125
landsatPlusNightLightsGoa@Goa@South Goa@239.tif,21.87255859375
landsatPlusNightLightsGoa@Goa@South Goa@139.tif,7.11083984375
landsatPlusNightLightsGoa@Goa@North Goa@574.tif,27.77099609375
landsatPlusNightLightsGoa@Goa@South Goa@518.tif,0.0
landsatPlusNightLightsGoa@Goa@South Goa@37.tif,6.51708984375
landsatPlusNightLightsGoa@Goa@North Goa@584.tif,4.13623046875
landsatPlusNightLightsGoa@Goa@South Goa@364.tif,7.283203125
landsatPlusNightLightsGoa@Goa@North Goa@432.tif,7.5087890625
landsatPlusNightLightsGoa@Goa@South Goa@177.tif,0.0
landsatPlusNightLightsGoa@Goa@North Goa@362.tif,7.79150390625
landsatPlusNightLightsGoa@Goa@North Goa@777.tif,11.80322265625
landsatPlusNightLightsGoa@Goa@South Goa@291.tif,1.493896484375
landsatPlusNightLightsGoa@Goa@North Goa@604.tif,10.344970703125
landsatPlusNightLightsGoa@Goa@North Goa@800.tif,11.77587890625
landsatPlusNightLightsGoa@Goa@South Goa@403.tif,26.195068359375
landsatPlusNightLightsGoa@Goa@South Goa@214.tif,2.156982421875
landsatPlusNightLightsGoa@Goa@South Goa@130.tif,5.663818359375
landsatPlusNightLightsGoa@Goa@North Goa@605.tif,13.89990234375
landsatPlusNightLightsGoa@Goa@North Goa@510.tif,5.48583984375
landsatPlusNightLightsGoa@Goa@South Goa@295.tif,56.544189453125
landsatPlusNightLightsGoa@Goa@North Goa@702.tif,33.09814453125
landsatPlusNightLightsGoa@Goa@South Goa@119.tif,0.66357421875
landsatPlusNightLightsGoa@Goa@South Goa@272.tif,6.34423828125
landsatPlusNightLightsGoa@Goa@North Goa@666.tif,4.0009765625
landsatPlusNightLightsGoa@Goa@North Goa@665.tif,5.358642578125
landsatPlusNightLightsGoa@Goa@South Goa@26.tif,3.07373046875
landsatPlusNightLightsGoa@Goa@South Goa@11.tif,0.736328125
landsatPlusNightLightsGoa@Goa@South Goa@300.tif,19.359619140625
landsatPlusNightLightsGoa@Goa@North Goa@533.tif,10.35791015625
landsatPlusNightLightsGoa@Goa@South Goa@247.tif,12.83544921875
landsatPlusNightLightsGoa@Goa@South Goa@197.tif,0.0
landsatPlusNightLightsGoa@Goa@North Goa@669.tif,49.591552734375
landsatPlusNightLightsGoa@Goa@South Goa@18.tif,0.0
landsatPlusNightLightsGoa@Goa@South Goa@53.tif,0.0
landsatPlusNightLightsGoa@Goa@North Goa@714.tif,9.31103515625
landsatPlusNightLightsGoa@Goa@North Goa@409.tif,7.337158203125
landsatPlusNightLightsGoa@Goa@North Goa@557.tif,9.143798828125
landsatPlusNightLightsGoa@Goa@South Goa@216.tif,0.0
landsatPlusNightLightsGoa@Goa@North Goa@504.tif,15.8115234375
landsatPlusNightLightsGoa@Goa@North Goa@781.tif,0.0
landsatPlusNightLightsGoa@Goa@North Goa@688.tif,6.72900390625
landsatPlusNightLightsGoa@Goa@South Goa@107.tif,4.622314453125
landsatPlusNightLightsGoa@Goa@South Goa@193.tif,6.849609375
landsatPlusNightLightsGoa@Goa@North Goa@465.tif,19.517578125
landsatPlusNightLightsGoa@Goa@South Goa@116.tif,0.0
landsatPlusNightLightsGoa@Goa@South Goa@237.tif,26.153564453125
landsatPlusNightLightsGoa@Goa@South Goa@102.tif,0.8251953125
landsatPlusNightLightsGoa@Goa@South Goa@118.tif,2.3798828125
landsatPlusNightLightsGoa@Goa@North Goa@750.tif,28.86181640625
landsatPlusNightLightsGoa@Goa@South Goa@109.tif,5.572265625
landsatPlusNightLightsGoa@Goa@North Goa@803.tif,11.50048828125
landsatPlusNightLightsGoa@Goa@North Goa@764.tif,0.0
landsatPlusNightLightsGoa@Goa@North Goa@446.tif,18.456787109375
landsatPlusNightLightsGoa@Goa@North Goa@667.tif,0.3515625
landsatPlusNightLightsGoa@Goa@South Goa@230.tif,6.17919921875
landsatPlusNightLightsGoa@Goa@North Goa@731.tif,24.824462890625
landsatPlusNightLightsGoa@Goa@South Goa@144.tif,7.36083984375
landsatPlusNightLightsGoa@Goa@South Goa@40.tif,0.0
landsatPlusNightLightsGoa@Goa@South Goa@307.tif,6.0078125
landsatPlusNightLightsGoa@Goa@North Goa@705.tif,20.268310546875
landsatPlusNightLightsGoa@Goa@North Goa@531.tif,20.123291015625
landsatPlusNightLightsGoa@Goa@North Goa@741.tif,6.496337890625
landsatPlusNightLightsGoa@Goa@South Goa@0.tif,7.458740234375
landsatPlusNightLightsGoa@Goa@South Goa@267.tif,17.99755859375
landsatPlusNightLightsGoa@Goa@North Goa@814.tif,12.6201171875
landsatPlusNightLightsGoa@Goa@North Goa@408.tif,6.679931640625
landsatPlusNightLightsGoa@Goa@North Goa@704.tif,25.0107421875
landsatPlusNightLightsGoa@Goa@North Goa@809.tif,13.56396484375
landsatPlusNightLightsGoa@Goa@South Goa@181.tif,17.333984375
landsatPlusNightLightsGoa@Goa@South Goa@19.tif,0.0
landsatPlusNightLightsGoa@Goa@North Goa@528.tif,23.7890625
landsatPlusNightLightsGoa@Goa@South Goa@32.tif,0.0
landsatPlusNightLightsGoa@Goa@North Goa@829.tif,6.64111328125
landsatPlusNightLightsGoa@Goa@South Goa@381.tif,25.072509765625
landsatPlusNightLightsGoa@Goa@South Goa@203.tif,9.7802734375
landsatPlusNightLightsGoa@Goa@South Goa@127.tif,5.479736328125
landsatPlusNightLightsGoa@Goa@South Goa@315.tif,40.964599609375
landsatPlusNightLightsGoa@Goa@North Goa@620.tif,17.04931640625
landsatPlusNightLightsGoa@Goa@South Goa@158.tif,4.6875
landsatPlusNightLightsGoa@Goa@North Goa@751.tif,36.06591796875
landsatPlusNightLightsGoa@Goa@South Goa@298.tif,21.5810546875
landsatPlusNightLightsGoa@Goa@South Goa@350.tif,0.0
landsatPlusNightLightsGoa@Goa@South Goa@69.tif,0.0
landsatPlusNightLightsGoa@Goa@North Goa@816.tif,10.19921875
landsatPlusNightLightsGoa@Goa@North Goa@522.tif,34.583984375
landsatPlusNightLightsGoa@Goa@North Goa@745.tif,4.364501953125
landsatPlusNightLightsGoa@Goa@North Goa@716.tif,5.621826171875
landsatPlusNightLightsGoa@Goa@North Goa@732.tif,22.741455078125
landsatPlusNightLightsGoa@Goa@North Goa@360.tif,16.7607421875
landsatPlusNightLightsGoa@Goa@South Goa@249.tif,11.000732421875
landsatPlusNightLightsGoa@Goa@North Goa@483.tif,20.201416015625
landsatPlusNightLightsGoa@Goa@South Goa@375.tif,0.0
landsatPlusNightLightsGoa@Goa@North Goa@587.tif,0.0
landsatPlusNightLightsGoa@Goa@North Goa@549.tif,27.132568359375
landsatPlusNightLightsGoa@Goa@South Goa@39.tif,1.23046875
landsatPlusNightLightsGoa@Goa@South Goa@166.tif,5.4892578125
landsatPlusNightLightsGoa@Goa@North Goa@767.tif,19.8779296875
landsatPlusNightLightsGoa@Goa@North Goa@723.tif,2.75341796875
landsatPlusNightLightsGoa@Goa@North Goa@652.tif,17.833984375
landsatPlusNightLightsGoa@Goa@North Goa@822.tif,7.458251953125
landsatPlusNightLightsGoa@Goa@South Goa@390.tif,5.79052734375
landsatPlusNightLightsGoa@Goa@South Goa@226.tif,10.46533203125
landsatPlusNightLightsGoa@Goa@South Goa@221.tif,19.50830078125
landsatPlusNightLightsGoa@Goa@North Goa@798.tif,11.02392578125
landsatPlusNightLightsGoa@Goa@North Goa@552.tif,21.662353515625
landsatPlusNightLightsGoa@Goa@South Goa@179.tif,22.34814453125
landsatPlusNightLightsGoa@Goa@South Goa@234.tif,2.262939453125
landsatPlusNightLightsGoa@Goa@South Goa@96.tif,0.2919921875
landsatPlusNightLightsGoa@Goa@South Goa@45.tif,18.31201171875
landsatPlusNightLightsGoa@Goa@North Goa@503.tif,26.0498046875
landsatPlusNightLightsGoa@Goa@South Goa@164.tif,8.015380859375
landsatPlusNightLightsGoa@Goa@North Goa@674.tif,24.4375
landsatPlusNightLightsGoa@Goa@North Goa@613.tif,0.0
landsatPlusNightLightsGoa@Goa@South Goa@377.tif,36.38671875
landsatPlusNightLightsGoa@Goa@North Goa@771.tif,28.437744140625
landsatPlusNightLightsGoa@Goa@South Goa@176.tif,3.871337890625
landsatPlusNightLightsGoa@Goa@North Goa@575.tif,24.8779296875
landsatPlusNightLightsGoa@Goa@North Goa@649.tif,17.88330078125
landsatPlusNightLightsGoa@Goa@North Goa@774.tif,15.06103515625
landsatPlusNightLightsGoa@Goa@North Goa@502.tif,33.444580078125
landsatPlusNightLightsGoa@Goa@North Goa@687.tif,8.472412109375
landsatPlusNightLightsGoa@Goa@South Goa@416.tif,5.645751953125
landsatPlusNightLightsGoa@Goa@South Goa@236.tif,0.0
landsatPlusNightLightsGoa@Goa@North Goa@769.tif,14.76318359375
landsatPlusNightLightsGoa@Goa@North Goa@682.tif,20.121826171875
landsatPlusNightLightsGoa@Goa@North Goa@627.tif,40.952880859375
landsatPlusNightLightsGoa@Goa@South Goa@223.tif,13.859375
landsatPlusNightLightsGoa@Goa@South Goa@94.tif,3.21044921875
landsatPlusNightLightsGoa@Goa@South Goa@111.tif,4.87158203125
landsatPlusNightLightsGoa@Goa@North Goa@623.tif,19.3623046875
landsatPlusNightLightsGoa@Goa@South Goa@467.tif,12.343994140625
landsatPlusNightLightsGoa@Goa@South Goa@219.tif,24.763671875
landsatPlusNightLightsGoa@Goa@South Goa@89.tif,0.0
landsatPlusNightLightsGoa@Goa@South Goa@87.tif,0.0
landsatPlusNightLightsGoa@Goa@South Goa@99.tif,0.0
landsatPlusNightLightsGoa@Goa@South Goa@85.tif,0.0
landsatPlusNightLightsGoa@Goa@South Goa@388.tif,8.9228515625
landsatPlusNightLightsGoa@Goa@South Goa@290.tif,5.146484375
landsatPlusNightLightsGoa@Goa@South Goa@186.tif,7.21435546875
landsatPlusNightLightsGoa@Goa@South Goa@208.tif,5.273193359375
landsatPlusNightLightsGoa@Goa@North Goa@602.tif,11.296875
landsatPlusNightLightsGoa@Goa@North Goa@606.tif,10.91650390625
landsatPlusNightLightsGoa@Goa@South Goa@345.tif,6.41943359375
landsatPlusNightLightsGoa@Goa@North Goa@692.tif,5.3818359375
landsatPlusNightLightsGoa@Goa@North Goa@823.tif,10.45751953125
landsatPlusNightLightsGoa@Goa@North Goa@655.tif,33.21826171875
landsatPlusNightLightsGoa@Goa@North Goa@508.tif,13.82177734375
landsatPlusNightLightsGoa@Goa@North Goa@685.tif,17.47509765625
landsatPlusNightLightsGoa@Goa@North Goa@786.tif,14.78466796875
landsatPlusNightLightsGoa@Goa@South Goa@401.tif,51.6357421875
landsatPlusNightLightsGoa@Goa@North Goa@819.tif,9.409912109375
landsatPlusNightLightsGoa@Goa@North Goa@481.tif,33.374755859375
landsatPlusNightLightsGoa@Goa@South Goa@97.tif,0.0
landsatPlusNightLightsGoa@Goa@South Goa@253.tif,6.160888671875
landsatPlusNightLightsGoa@Goa@South Goa@372.tif,5.080810546875
landsatPlusNightLightsGoa@Goa@South Goa@389.tif,7.3603515625
landsatPlusNightLightsGoa@Goa@South Goa@42.tif,0.0
landsatPlusNightLightsGoa@Goa@South Goa@450.tif,7.65087890625
landsatPlusNightLightsGoa@Goa@North Goa@626.tif,41.789794921875
landsatPlusNightLightsGoa@Goa@South Goa@319.tif,15.62744140625
landsatPlusNightLightsGoa@Goa@North Goa@607.tif,6.83056640625
landsatPlusNightLightsGoa@Goa@South Goa@373.tif,1.39013671875
landsatPlusNightLightsGoa@Goa@North Goa@527.tif,32.90576171875
landsatPlusNightLightsGoa@Goa@North Goa@564.tif,0.4541015625
landsatPlusNightLightsGoa@Goa@South Goa@187.tif,7.36962890625
landsatPlusNightLightsGoa@Goa@South Goa@257.tif,32.6923828125
landsatPlusNightLightsGoa@Goa@North Goa@487.tif,11.553466796875
landsatPlusNightLightsGoa@Goa@North Goa@783.tif,14.239990234375
landsatPlusNightLightsGoa@Goa@South Goa@367.tif,6.299072265625
landsatPlusNightLightsGoa@Goa@South Goa@79.tif,1.0859375
landsatPlusNightLightsGoa@Goa@South Goa@24.tif,5.501708984375
landsatPlusNightLightsGoa@Goa@North Goa@701.tif,50.223876953125
landsatPlusNightLightsGoa@Goa@South Goa@357.tif,29.1767578125
landsatPlusNightLightsGoa@Goa@North Goa@578.tif,8.86572265625
landsatPlusNightLightsGoa@Goa@South Goa@191.tif,3.831787109375
landsatPlusNightLightsGoa@Goa@South Goa@12.tif,7.21826171875
landsatPlusNightLightsGoa@Goa@South Goa@380.tif,24.46923828125
landsatPlusNightLightsGoa@Goa@North Goa@384.tif,7.76171875
landsatPlusNightLightsGoa@Goa@North Goa@630.tif,17.65771484375
landsatPlusNightLightsGoa@Goa@South Goa@493.tif,2.5517578125
landsatPlusNightLightsGoa@Goa@North Goa@775.tif,12.7294921875
landsatPlusNightLightsGoa@Goa@South Goa@72.tif,0.0
landsatPlusNightLightsGoa@Goa@South Goa@379.tif,22.716796875
landsatPlusNightLightsGoa@Goa@North Goa@772.tif,25.52099609375
landsatPlusNightLightsGoa@Goa@South Goa@309.tif,2.173828125
landsatPlusNightLightsGoa@Goa@North Goa@813.tif,11.449462890625
landsatPlusNightLightsGoa@Goa@South Goa@238.tif,23.177978515625
landsatPlusNightLightsGoa@Goa@South Goa@285.tif,22.88330078125
landsatPlusNightLightsGoa@Goa@South Goa@199.tif,25.9287109375
landsatPlusNightLightsGoa@Goa@South Goa@341.tif,7.363525390625
landsatPlusNightLightsGoa@Goa@South Goa@255.tif,0.0
landsatPlusNightLightsGoa@Goa@North Goa@712.tif,15.461181640625
landsatPlusNightLightsGoa@Goa@South Goa@354.tif,37.1953125
landsatPlusNightLightsGoa@Goa@South Goa@220.tif,23.466064453125
landsatPlusNightLightsGoa@Goa@South Goa@264.tif,20.331298828125
landsatPlusNightLightsGoa@Goa@North Goa@585.tif,1.662109375
landsatPlusNightLightsGoa@Goa@North Goa@710.tif,13.710693359375
landsatPlusNightLightsGoa@Goa@North Goa@658.tif,16.94482421875
landsatPlusNightLightsGoa@Goa@North Goa@763.tif,0.494384765625
landsatPlusNightLightsGoa@Goa@North Goa@445.tif,35.98046875
landsatPlusNightLightsGoa@Goa@South Goa@3.tif,6.332763671875
landsatPlusNightLightsGoa@Goa@North Goa@537.tif,5.5947265625
landsatPlusNightLightsGoa@Goa@North Goa@622.tif,18.2421875
landsatPlusNightLightsGoa@Goa@South Goa@138.tif,6.11767578125
landsatPlusNightLightsGoa@Goa@South Goa@261.tif,14.69775390625
landsatPlusNightLightsGoa@Goa@North Goa@802.tif,13.649658203125
landsatPlusNightLightsGoa@Goa@South Goa@171.tif,5.636962890625
landsatPlusNightLightsGoa@Goa@South Goa@310.tif,0.0
landsatPlusNightLightsGoa@Goa@South Goa@293.tif,63.3486328125
landsatPlusNightLightsGoa@Goa@North Goa@539.tif,4.25
landsatPlusNightLightsGoa@Goa@North Goa@677.tif,18.701171875
landsatPlusNightLightsGoa@Goa@South Goa@296.tif,40.1728515625
landsatPlusNightLightsGoa@Goa@South Goa@98.tif,0.0
landsatPlusNightLightsGoa@Goa@North Goa@754.tif,23.80859375
landsatPlusNightLightsGoa@Goa@North Goa@407.tif,9.392822265625
landsatPlusNightLightsGoa@Goa@North Goa@498.tif,27.198974609375
landsatPlusNightLightsGoa@Goa@South Goa@20.tif,0.0
landsatPlusNightLightsGoa@Goa@North Goa@776.tif,12.46630859375
landsatPlusNightLightsGoa@Goa@North Goa@678.tif,16.331787109375
landsatPlusNightLightsGoa@Goa@North Goa@530.tif,17.293701171875
landsatPlusNightLightsGoa@Goa@South Goa@204.tif,9.177490234375
landsatPlusNightLightsGoa@Goa@North Goa@321.tif,16.108642578125
landsatPlusNightLightsGoa@Goa@North Goa@536.tif,5.833251953125
landsatPlusNightLightsGoa@Goa@North Goa@562.tif,5.36181640625
landsatPlusNightLightsGoa@Goa@South Goa@209.tif,3.05126953125
landsatPlusNightLightsGoa@Goa@North Goa@697.tif,41.311279296875
landsatPlusNightLightsGoa@Goa@South Goa@423.tif,41.496337890625
landsatPlusNightLightsGoa@Goa@South Goa@263.tif,17.63232421875
landsatPlusNightLightsGoa@Goa@North Goa@782.tif,16.9970703125
landsatPlusNightLightsGoa@Goa@North Goa@569.tif,30.291748046875
landsatPlusNightLightsGoa@Goa@South Goa@269.tif,12.80029296875
landsatPlusNightLightsGoa@Goa@North Goa@589.tif,53.840576171875
landsatPlusNightLightsGoa@Goa@South Goa@334.tif,43.876953125
landsatPlusNightLightsGoa@Goa@South Goa@169.tif,6.791259765625
landsatPlusNightLightsGoa@Goa@North Goa@597.tif,30.678466796875
landsatPlusNightLightsGoa@Goa@South Goa@188.tif,6.1083984375
landsatPlusNightLightsGoa@Goa@North Goa@568.tif,43.76806640625
landsatPlusNightLightsGoa@Goa@South Goa@244.tif,21.941162109375
landsatPlusNightLightsGoa@Goa@South Goa@322.tif,12.282958984375
landsatPlusNightLightsGoa@Goa@North Goa@634.tif,15.72265625
landsatPlusNightLightsGoa@Goa@South Goa@256.tif,0.0
landsatPlusNightLightsGoa@Goa@South Goa@274.tif,42.83544921875
landsatPlusNightLightsGoa@Goa@South Goa@167.tif,5.40234375
landsatPlusNightLightsGoa@Goa@South Goa@9.tif,4.5908203125
landsatPlusNightLightsGoa@Goa@South Goa@279.tif,22.3984375
landsatPlusNightLightsGoa@Goa@North Goa@576.tif,15.7783203125
landsatPlusNightLightsGoa@Goa@North Goa@635.tif,12.3916015625
landsatPlusNightLightsGoa@Goa@South Goa@47.tif,8.48486328125
landsatPlusNightLightsGoa@Goa@South Goa@251.tif,7.43505859375
landsatPlusNightLightsGoa@Goa@North Goa@609.tif,4.091552734375
landsatPlusNightLightsGoa@Goa@South Goa@121.tif,5.5400390625
landsatPlusNightLightsGoa@Goa@South Goa@308.tif,2.708740234375
landsatPlusNightLightsGoa@Goa@North Goa@447.tif,10.896240234375
landsatPlusNightLightsGoa@Goa@North Goa@679.tif,21.37646484375
landsatPlusNightLightsGoa@Goa@North Goa@709.tif,20.527099609375
landsatPlusNightLightsGoa@Goa@South Goa@402.tif,41.019775390625
landsatPlusNightLightsGoa@Goa@South Goa@452.tif,5.479736328125
landsatPlusNightLightsGoa@Goa@South Goa@440.tif,5.566650390625
landsatPlusNightLightsGoa@Goa@North Goa@810.tif,10.575439453125
landsatPlusNightLightsGoa@Goa@South Goa@126.tif,5.38134765625
landsatPlusNightLightsGoa@Goa@South Goa@225.tif,13.12744140625
landsatPlusNightLightsGoa@Goa@North Goa@411.tif,7.982421875
landsatPlusNightLightsGoa@Goa@South Goa@469.tif,6.080810546875
landsatPlusNightLightsGoa@Goa@South Goa@276.tif,46.079345703125
landsatPlusNightLightsGoa@Goa@North Goa@779.tif,0.583984375
landsatPlusNightLightsGoa@Goa@North Goa@725.tif,30.2353515625
landsatPlusNightLightsGoa@Goa@North Goa@700.tif,58.613037109375
landsatPlusNightLightsGoa@Goa@North Goa@511.tif,5.479736328125
landsatPlusNightLightsGoa@Goa@South Goa@68.tif,2.1494140625
landsatPlusNightLightsGoa@Goa@South Goa@159.tif,0.0
landsatPlusNightLightsGoa@Goa@North Goa@657.tif,22.51904296875
landsatPlusNightLightsGoa@Goa@South Goa@455.tif,4.558837890625
landsatPlusNightLightsGoa@Goa@North Goa@506.tif,18.474609375
landsatPlusNightLightsGoa@Goa@South Goa@185.tif,6.34130859375
landsatPlusNightLightsGoa@Goa@South Goa@82.tif,0.0
landsatPlusNightLightsGoa@Goa@North Goa@761.tif,5.14013671875
landsatPlusNightLightsGoa@Goa@North Goa@592.tif,29.784912109375
landsatPlusNightLightsGoa@Goa@South Goa@371.tif,5.661865234375
landsatPlusNightLightsGoa@Goa@South Goa@422.tif,0.0
landsatPlusNightLightsGoa@Goa@South Goa@148.tif,5.069091796875
landsatPlusNightLightsGoa@Goa@South Goa@424.tif,51.86572265625
landsatPlusNightLightsGoa@Goa@North Goa@787.tif,19.98876953125
landsatPlusNightLightsGoa@Goa@North Goa@406.tif,15.90087890625
landsatPlusNightLightsGoa@Goa@North Goa@572.tif,38.217529296875
landsatPlusNightLightsGoa@Goa@South Goa@286.tif,13.5009765625
landsatPlusNightLightsGoa@Goa@North Goa@753.tif,25.882080078125
landsatPlusNightLightsGoa@Goa@South Goa@473.tif,4.03076171875
landsatPlusNightLightsGoa@Goa@South Goa@313.tif,66.281982421875
landsatPlusNightLightsGoa@Goa@North Goa@547.tif,23.369873046875
landsatPlusNightLightsGoa@Goa@South Goa@316.tif,25.972900390625
landsatPlusNightLightsGoa@Goa@South Goa@412.tif,8.25244140625
landsatPlusNightLightsGoa@Goa@North Goa@703.tif,27.355712890625
landsatPlusNightLightsGoa@Goa@North Goa@628.tif,27.585205078125
landsatPlusNightLightsGoa@Goa@North Goa@571.tif,32.6005859375
landsatPlusNightLightsGoa@Goa@North Goa@676.tif,22.845947265625
landsatPlusNightLightsGoa@Goa@South Goa@496.tif,0.1513671875
landsatPlusNightLightsGoa@Goa@South Goa@330.tif,0.0
landsatPlusNightLightsGoa@Goa@South Goa@491.tif,5.541748046875
landsatPlusNightLightsGoa@Goa@South Goa@83.tif,0.0
landsatPlusNightLightsGoa@Goa@North Goa@544.tif,61.94580078125
landsatPlusNightLightsGoa@Goa@North Goa@736.tif,14.521728515625
landsatPlusNightLightsGoa@Goa@North Goa@724.tif,0.0
landsatPlusNightLightsGoa@Goa@North Goa@759.tif,5.676025390625
landsatPlusNightLightsGoa@Goa@South Goa@162.tif,11.9541015625
landsatPlusNightLightsGoa@Goa@South Goa@91.tif,5.9296875
landsatPlusNightLightsGoa@Goa@South Goa@387.tif,8.3359375
landsatPlusNightLightsGoa@Goa@South Goa@240.tif,16.381103515625
landsatPlusNightLightsGoa@Goa@North Goa@512.tif,5.479736328125
landsatPlusNightLightsGoa@Goa@North Goa@825.tif,7.795654296875
landsatPlusNightLightsGoa@Goa@North Goa@747.tif,0.0
landsatPlusNightLightsGoa@Goa@South Goa@15.tif,1.505859375
landsatPlusNightLightsGoa@Goa@North Goa@548.tif,24.54345703125
landsatPlusNightLightsGoa@Goa@North Goa@789.tif,15.08154296875
landsatPlusNightLightsGoa@Goa@North Goa@507.tif,18.88525390625
landsatPlusNightLightsGoa@Goa@North Goa@805.tif,8.9658203125
landsatPlusNightLightsGoa@Goa@South Goa@356.tif,30.18798828125
landsatPlusNightLightsGoa@Goa@North Goa@641.tif,0.0
landsatPlusNightLightsGoa@Goa@North Goa@580.tif,7.5625
landsatPlusNightLightsGoa@Goa@South Goa@459.tif,1.328125
landsatPlusNightLightsGoa@Goa@South Goa@233.tif,5.740234375
landsatPlusNightLightsGoa@Goa@South Goa@314.tif,59.827392578125
landsatPlusNightLightsGoa@Goa@South Goa@43.tif,0.0
landsatPlusNightLightsGoa@Goa@South Goa@132.tif,0.404296875
landsatPlusNightLightsGoa@Goa@South Goa@49.tif,5.40966796875
landsatPlusNightLightsGoa@Goa@North Goa@768.tif,16.9560546875
landsatPlusNightLightsGoa@Goa@North Goa@611.tif,0.048828125
landsatPlusNightLightsGoa@Goa@South Goa@146.tif,6.010009765625
landsatPlusNightLightsGoa@Goa@South Goa@13.tif,6.199462890625
landsatPlusNightLightsGoa@Goa@North Goa@632.tif,9.9638671875
landsatPlusNightLightsGoa@Goa@North Goa@690.tif,6.657470703125
landsatPlusNightLightsGoa@Goa@North Goa@579.tif,7.12109375
landsatPlusNightLightsGoa@Goa@North Goa@824.tif,8.044677734375
landsatPlusNightLightsGoa@Goa@North Goa@668.tif,0.0
landsatPlusNightLightsGoa@Goa@South Goa@302.tif,31.2275390625
landsatPlusNightLightsGoa@Goa@North Goa@818.tif,9.059814453125
landsatPlusNightLightsGoa@Goa@South Goa@229.tif,7.332763671875
landsatPlusNightLightsGoa@Goa@North Goa@556.tif,13.05078125
landsatPlusNightLightsGoa@Goa@South Goa@66.tif,1.882080078125
landsatPlusNightLightsGoa@Goa@South Goa@392.tif,6.268798828125
landsatPlusNightLightsGoa@Goa@North Goa@599.tif,29.815673828125
landsatPlusNightLightsGoa@Goa@South Goa@398.tif,0.0
landsatPlusNightLightsGoa@Goa@South Goa@75.tif,6.17578125
landsatPlusNightLightsGoa@Goa@South Goa@206.tif,9.423095703125
landsatPlusNightLightsGoa@Goa@South Goa@391.tif,5.479736328125
landsatPlusNightLightsGoa@Goa@South Goa@441.tif,0.0908203125
landsatPlusNightLightsGoa@Goa@South Goa@212.tif,5.427734375
landsatPlusNightLightsGoa@Goa@South Goa@311.tif,55.0595703125
landsatPlusNightLightsGoa@Goa@South Goa@36.tif,5.897705078125
landsatPlusNightLightsGoa@Goa@South Goa@453.tif,4.7890625
landsatPlusNightLightsGoa@Goa@South Goa@369.tif,5.62353515625
landsatPlusNightLightsGoa@Goa@South Goa@218.tif,24.089111328125
landsatPlusNightLightsGoa@Goa@South Goa@266.tif,18.69677734375
landsatPlusNightLightsGoa@Goa@South Goa@106.tif,0.0
landsatPlusNightLightsGoa@Goa@South Goa@137.tif,5.065673828125
landsatPlusNightLightsGoa@Goa@North Goa@647.tif,18.62890625
landsatPlusNightLightsGoa@Goa@South Goa@61.tif,6.62841796875
landsatPlusNightLightsGoa@Goa@South Goa@404.tif,21.579345703125
landsatPlusNightLightsGoa@Goa@South Goa@64.tif,4.973876953125
landsatPlusNightLightsGoa@Goa@South Goa@346.tif,5.58837890625
landsatPlusNightLightsGoa@Goa@South Goa@260.tif,17.182373046875
landsatPlusNightLightsGoa@Goa@North Goa@532.tif,15.8681640625
landsatPlusNightLightsGoa@Goa@North Goa@755.tif,21.260498046875
landsatPlusNightLightsGoa@Goa@South Goa@74.tif,8.85107421875
landsatPlusNightLightsGoa@Goa@South Goa@414.tif,5.5400390625
landsatPlusNightLightsGoa@Goa@South Goa@304.tif,12.17626953125
landsatPlusNightLightsGoa@Goa@North Goa@519.tif,60.661376953125
landsatPlusNightLightsGoa@Goa@South Goa@332.tif,51.516357421875
landsatPlusNightLightsGoa@Goa@North Goa@631.tif,14.613037109375
landsatPlusNightLightsGoa@Goa@South Goa@172.tif,5.291015625
landsatPlusNightLightsGoa@Goa@South Goa@492.tif,4.995361328125
landsatPlusNightLightsGoa@Goa@South Goa@344.tif,7.80419921875
landsatPlusNightLightsGoa@Goa@South Goa@81.tif,0.9296875
landsatPlusNightLightsGoa@Goa@South Goa@8.tif,5.76806640625
landsatPlusNightLightsGoa@Goa@North Goa@808.tif,7.4443359375
landsatPlusNightLightsGoa@Goa@North Goa@621.tif,17.413330078125
landsatPlusNightLightsGoa@Goa@South Goa@93.tif,5.17041015625
landsatPlusNightLightsGoa@Goa@South Goa@113.tif,1.6943359375
landsatPlusNightLightsGoa@Goa@South Goa@297.tif,27.703369140625
landsatPlusNightLightsGoa@Goa@South Goa@294.tif,64.38330078125
landsatPlusNightLightsGoa@Goa@South Goa@442.tif,0.0
landsatPlusNightLightsGoa@Goa@South Goa@46.tif,12.56298828125
landsatPlusNightLightsGoa@Goa@North Goa@691.tif,6.544677734375
landsatPlusNightLightsGoa@Goa@North Goa@429.tif,11.9677734375
landsatPlusNightLightsGoa@Goa@North Goa@646.tif,26.5625
landsatPlusNightLightsGoa@Goa@North Goa@561.tif,6.478759765625
landsatPlusNightLightsGoa@Goa@North Goa@737.tif,8.844482421875
landsatPlusNightLightsGoa@Goa@South Goa@198.tif,27.98486328125
landsatPlusNightLightsGoa@Goa@North Goa@742.tif,6.461181640625
landsatPlusNightLightsGoa@Goa@North Goa@554.tif,20.370361328125
landsatPlusNightLightsGoa@Goa@South Goa@76.tif,5.479736328125
landsatPlusNightLightsGoa@Goa@South Goa@353.tif,37.25732421875
landsatPlusNightLightsGoa@Goa@North Goa@466.tif,18.6298828125
landsatPlusNightLightsGoa@Goa@South Goa@273.tif,3.40478515625
landsatPlusNightLightsGoa@Goa@North Goa@681.tif,20.679443359375
landsatPlusNightLightsGoa@Goa@North Goa@505.tif,14.642578125
landsatPlusNightLightsGoa@Goa@North Goa@478.tif,20.094970703125
landsatPlusNightLightsGoa@Goa@North Goa@426.tif,24.85791015625
landsatPlusNightLightsGoa@Goa@South Goa@27.tif,1.494140625
landsatPlusNightLightsGoa@Goa@North Goa@645.tif,41.489013671875
landsatPlusNightLightsGoa@Goa@North Goa@670.tif,48.216796875
landsatPlusNightLightsGoa@Goa@South Goa@211.tif,4.239013671875
landsatPlusNightLightsGoa@Goa@North Goa@521.tif,53.744140625
landsatPlusNightLightsGoa@Goa@North Goa@629.tif,19.519775390625
landsatPlusNightLightsGoa@Goa@North Goa@385.tif,6.9609375
landsatPlusNightLightsGoa@Goa@North Goa@661.tif,7.88134765625
landsatPlusNightLightsGoa@Goa@South Goa@280.tif,19.301025390625
landsatPlusNightLightsGoa@Goa@South Goa@101.tif,0.0
landsatPlusNightLightsGoa@Goa@South Goa@73.tif,0.0
landsatPlusNightLightsGoa@Goa@South Goa@195.tif,0.40869140625
landsatPlusNightLightsGoa@Goa@North Goa@756.tif,17.44384765625
landsatPlusNightLightsGoa@Goa@South Goa@318.tif,16.201416015625
landsatPlusNightLightsGoa@Goa@North Goa@601.tif,12.731201171875
landsatPlusNightLightsGoa@Goa@South Goa@151.tif,5.998779296875
landsatPlusNightLightsGoa@Goa@South Goa@265.tif,20.0341796875
landsatPlusNightLightsGoa@Goa@South Goa@420.tif,0.0
landsatPlusNightLightsGoa@Goa@North Goa@680.tif,25.037109375
landsatPlusNightLightsGoa@Goa@South Goa@278.tif,28.075439453125
landsatPlusNightLightsGoa@Goa@South Goa@140.tif,5.648193359375
landsatPlusNightLightsGoa@Goa@North Goa@581.tif,8.427490234375
landsatPlusNightLightsGoa@Goa@South Goa@194.tif,5.81787109375
landsatPlusNightLightsGoa@Goa@North Goa@831.tif,6.635986328125
landsatPlusNightLightsGoa@Goa@South Goa@337.tif,17.657470703125
landsatPlusNightLightsGoa@Goa@North Goa@673.tif,38.005126953125
landsatPlusNightLightsGoa@Goa@South Goa@59.tif,9.8916015625
landsatPlusNightLightsGoa@Goa@North Goa@501.tif,25.771240234375
landsatPlusNightLightsGoa@Goa@South Goa@299.tif,17.39599609375
landsatPlusNightLightsGoa@Goa@North Goa@675.tif,22.2060546875
landsatPlusNightLightsGoa@Goa@North Goa@486.tif,20.4521484375
landsatPlusNightLightsGoa@Goa@South Goa@370.tif,5.65771484375
landsatPlusNightLightsGoa@Goa@South Goa@200.tif,26.622314453125
landsatPlusNightLightsGoa@Goa@South Goa@435.tif,5.470703125
landsatPlusNightLightsGoa@Goa@North Goa@636.tif,6.906982421875
landsatPlusNightLightsGoa@Goa@North Goa@461.tif,46.1337890625
landsatPlusNightLightsGoa@Goa@South Goa@175.tif,9.22216796875
landsatPlusNightLightsGoa@Goa@South Goa@327.tif,4.416015625
landsatPlusNightLightsGoa@Goa@South Goa@325.tif,7.133544921875
landsatPlusNightLightsGoa@Goa@North Goa@577.tif,11.174072265625
landsatPlusNightLightsGoa@Goa@North Goa@707.tif,26.778564453125
landsatPlusNightLightsGoa@Goa@South Goa@123.tif,0.462646484375
landsatPlusNightLightsGoa@Goa@North Goa@558.tif,7.785888671875
landsatPlusNightLightsGoa@Goa@North Goa@340.tif,8.565185546875
landsatPlusNightLightsGoa@Goa@South Goa@205.tif,10.383056640625
landsatPlusNightLightsGoa@Goa@South Goa@458.tif,2.49609375
landsatPlusNightLightsGoa@Goa@South Goa@543.tif,0.0
landsatPlusNightLightsGoa@Goa@North Goa@656.tif,31.45849609375
landsatPlusNightLightsGoa@Goa@South Goa@51.tif,4.68017578125
landsatPlusNightLightsGoa@Goa@North Goa@695.tif,1.068359375
landsatPlusNightLightsGoa@Goa@South Goa@343.tif,8.956298828125
landsatPlusNightLightsGoa@Goa@South Goa@201.tif,22.99951171875
landsatPlusNightLightsGoa@Goa@South Goa@174.tif,8.22021484375
landsatPlusNightLightsGoa@Goa@South Goa@215.tif,0.0
landsatPlusNightLightsGoa@Goa@North Goa@715.tif,7.30078125
landsatPlusNightLightsGoa@Goa@North Goa@448.tif,9.591064453125
landsatPlusNightLightsGoa@Goa@South Goa@306.tif,7.48681640625
landsatPlusNightLightsGoa@Goa@North Goa@513.tif,5.17236328125
landsatPlusNightLightsGoa@Goa@South Goa@235.tif,0.0
landsatPlusNightLightsGoa@Goa@South Goa@347.tif,4.6064453125
landsatPlusNightLightsGoa@Goa@South Goa@396.tif,1.16796875
landsatPlusNightLightsGoa@Goa@North Goa@433.tif,7.50048828125
landsatPlusNightLightsGoa@Goa@North Goa@762.tif,3.572265625
landsatPlusNightLightsGoa@Goa@North Goa@582.tif,7.62255859375
landsatPlusNightLightsGoa@Goa@South Goa@5.tif,4.34033203125
landsatPlusNightLightsGoa@Goa@South Goa@305.tif,9.934814453125
landsatPlusNightLightsGoa@Goa@South Goa@133.tif,1.634033203125
landsatPlusNightLightsGoa@Goa@North Goa@733.tif,20.18310546875
landsatPlusNightLightsGoa@Goa@South Goa@277.tif,38.7880859375
landsatPlusNightLightsGoa@Goa@North Goa@488.tif,6.1396484375
landsatPlusNightLightsGoa@Goa@South Goa@418.tif,6.652587890625
landsatPlusNightLightsGoa@Goa@South Goa@417.tif,6.597412109375
landsatPlusNightLightsGoa@Goa@North Goa@765.tif,0.0
landsatPlusNightLightsGoa@Goa@North Goa@500.tif,17.17041015625
landsatPlusNightLightsGoa@Goa@South Goa@399.tif,30.725830078125
landsatPlusNightLightsGoa@Goa@South Goa@189.tif,5.06689453125
landsatPlusNightLightsGoa@Goa@North Goa@600.tif,15.423095703125
landsatPlusNightLightsGoa@Goa@South Goa@415.tif,5.39794921875
landsatPlusNightLightsGoa@Goa@South Goa@468.tif,7.09716796875
landsatPlusNightLightsGoa@Goa@South Goa@134.tif,4.0478515625
landsatPlusNightLightsGoa@Goa@North Goa@693.tif,5.27685546875
landsatPlusNightLightsGoa@Goa@North Goa@431.tif,7.680419921875
landsatPlusNightLightsGoa@Goa@South Goa@436.tif,4.440185546875
landsatPlusNightLightsGoa@Goa@South Goa@394.tif,7.475341796875
landsatPlusNightLightsGoa@Goa@North Goa@766.tif,20.594482421875
landsatPlusNightLightsGoa@Goa@North Goa@524.tif,16.6923828125
landsatPlusNightLightsGoa@Goa@North Goa@509.tif,7.698486328125
landsatPlusNightLightsGoa@Goa@South Goa@352.tif,0.0
landsatPlusNightLightsGoa@Goa@North Goa@625.tif,30.78125
landsatPlusNightLightsGoa@Goa@South Goa@129.tif,5.659423828125
landsatPlusNightLightsGoa@Goa@South Goa@62.tif,5.90185546875
landsatPlusNightLightsGoa@Goa@South Goa@161.tif,13.8154296875
landsatPlusNightLightsGoa@Goa@South Goa@2.tif,6.90380859375
landsatPlusNightLightsGoa@Goa@South Goa@283.tif,27.271484375
landsatPlusNightLightsGoa@Goa@North Goa@484.tif,19.6015625
